id,name
982dd974-5be7-4369-90c6-bd92863632ba,Airbus A318
982dd974-5be7-4369-90c6-bd92863632ba,Airbus A318
982dd974-5be7-4369-90c6-bd92863632ba,Airbus A318
982dd974-5be7-4369-90c6-bd92863632ba,Airbus A318
982dd974-5be7-4369-90c6-bd92863632ba,Airbus A318
982dd974-5be7-4369-90c6-bd92863632ba,Airbus A318
982dd974-5be7-4369-90c6-bd92863632ba,Airbus A318
982dd974-5be7-4369-90c6-bd92863632ba,Airbus A318
982dd974-5be7-4369-90c6-bd92863632ba,Airbus A318
982dd974-5be7-4369-90c6-bd92863632ba,Airbus A318
982dd974-5be7-4369-90c6-bd92863632ba,Airbus A318
982dd974-5be7-4369-90c6-bd92863632ba,Airbus A318
982dd974-5be7-4369-90c6-bd92863632ba,Airbus A318
982dd974-5be7-4369-90c6-bd92863632ba,Airbus A318
982dd974-5be7-4369-90c6-bd92863632ba,Airbus A318
982dd974-5be7-4369-90c6-bd92863632ba,Airbus A318
2c2f162e-a7d9-4ebd-baf4-859aed36165a,Airbus A319
2c2f162e-a7d9-4ebd-baf4-859aed36165a,Airbus A319
2c2f162e-a7d9-4ebd-baf4-859aed36165a,Airbus A319
2c2f162e-a7d9-4ebd-baf4-859aed36165a,Airbus A319
2c2f162e-a7d9-4ebd-baf4-859aed36165a,Airbus A319
2c2f162e-a7d9-4ebd-baf4-859aed36165a,Airbus A319
2c2f162e-a7d9-4ebd-baf4-859aed36165a,Airbus A319
2c2f162e-a7d9-4ebd-baf4-859aed36165a,Airbus A319
2c2f162e-a7d9-4ebd-baf4-859aed36165a,Airbus A319
2c2f162e-a7d9-4ebd-baf4-859aed36165a,Airbus A319
2c2f162e-a7d9-4ebd-baf4-859aed36165a,Airbus A319
2c2f162e-a7d9-4ebd-baf4-859aed36165a,Airbus A319
2c2f162e-a7d9-4ebd-baf4-859aed36165a,Airbus A319
2c2f162e-a7d9-4ebd-baf4-859aed36165a,Airbus A319
2c2f162e-a7d9-4ebd-baf4-859aed36165a,Airbus A319
2c2f162e-a7d9-4ebd-baf4-859aed36165a,Airbus A319
2c2f162e-a7d9-4ebd-baf4-859aed36165a,Airbus A319
2c2f162e-a7d9-4ebd-baf4-859aed36165a,Airbus A319
2c2f162e-a7d9-4ebd-baf4-859aed36165a,Airbus A319
2c2f162e-a7d9-4ebd-baf4-859aed36165a,Airbus A319
2c2f162e-a7d9-4ebd-baf4-859aed36165a,Airbus A319
2c2f162e-a7d9-4ebd-baf4-859aed36165a,Airbus A319
2c2f162e-a7d9-4ebd-baf4-859aed36165a,Airbus A319
2c2f162e-a7d9-4ebd-baf4-859aed36165a,Airbus A319
2c2f162e-a7d9-4ebd-baf4-859aed36165a,Airbus A319
2c2f162e-a7d9-4ebd-baf4-859aed36165a,Airbus A319
2c2f162e-a7d9-4ebd-baf4-859aed36165a,Airbus A319
2c2f162e-a7d9-4ebd-baf4-859aed36165a,Airbus A319
2c2f162e-a7d9-4ebd-baf4-859aed36165a,Airbus A319
a266b67f-03e3-4f8c-a2bb-b57cfd4b12f3,Airbus A320
a266b67f-03e3-4f8c-a2bb-b57cfd4b12f3,Airbus A320
a266b67f-03e3-4f8c-a2bb-b57cfd4b12f3,Airbus A320
a266b67f-03e3-4f8c-a2bb-b57cfd4b12f3,Airbus A320
a266b67f-03e3-4f8c-a2bb-b57cfd4b12f3,Airbus A320
a266b67f-03e3-4f8c-a2bb-b57cfd4b12f3,Airbus A320
a266b67f-03e3-4f8c-a2bb-b57cfd4b12f3,Airbus A320
a266b67f-03e3-4f8c-a2bb-b57cfd4b12f3,Airbus A320
a266b67f-03e3-4f8c-a2bb-b57cfd4b12f3,Airbus A320
a266b67f-03e3-4f8c-a2bb-b57cfd4b12f3,Airbus A320
a266b67f-03e3-4f8c-a2bb-b57cfd4b12f3,Airbus A320
a266b67f-03e3-4f8c-a2bb-b57cfd4b12f3,Airbus A320
a266b67f-03e3-4f8c-a2bb-b57cfd4b12f3,Airbus A320
a266b67f-03e3-4f8c-a2bb-b57cfd4b12f3,Airbus A320
a266b67f-03e3-4f8c-a2bb-b57cfd4b12f3,Airbus A320
a266b67f-03e3-4f8c-a2bb-b57cfd4b12f3,Airbus A320
a266b67f-03e3-4f8c-a2bb-b57cfd4b12f3,Airbus A320
a266b67f-03e3-4f8c-a2bb-b57cfd4b12f3,Airbus A320
a266b67f-03e3-4f8c-a2bb-b57cfd4b12f3,Airbus A320
a266b67f-03e3-4f8c-a2bb-b57cfd4b12f3,Airbus A320
a266b67f-03e3-4f8c-a2bb-b57cfd4b12f3,Airbus A320
a266b67f-03e3-4f8c-a2bb-b57cfd4b12f3,Airbus A320
a266b67f-03e3-4f8c-a2bb-b57cfd4b12f3,Airbus A320
a266b67f-03e3-4f8c-a2bb-b57cfd4b12f3,Airbus A320
a266b67f-03e3-4f8c-a2bb-b57cfd4b12f3,Airbus A320
a266b67f-03e3-4f8c-a2bb-b57cfd4b12f3,Airbus A320
a266b67f-03e3-4f8c-a2bb-b57cfd4b12f3,Airbus A320
a266b67f-03e3-4f8c-a2bb-b57cfd4b12f3,Airbus A320
a266b67f-03e3-4f8c-a2bb-b57cfd4b12f3,Airbus A320
a266b67f-03e3-4f8c-a2bb-b57cfd4b12f3,Airbus A320
a266b67f-03e3-4f8c-a2bb-b57cfd4b12f3,Airbus A320
a266b67f-03e3-4f8c-a2bb-b57cfd4b12f3,Airbus A320
a266b67f-03e3-4f8c-a2bb-b57cfd4b12f3,Airbus A320
a266b67f-03e3-4f8c-a2bb-b57cfd4b12f3,Airbus A320
a266b67f-03e3-4f8c-a2bb-b57cfd4b12f3,Airbus A320
a266b67f-03e3-4f8c-a2bb-b57cfd4b12f3,Airbus A320
a266b67f-03e3-4f8c-a2bb-b57cfd4b12f3,Airbus A320
a266b67f-03e3-4f8c-a2bb-b57cfd4b12f3,Airbus A320
a266b67f-03e3-4f8c-a2bb-b57cfd4b12f3,Airbus A320
a266b67f-03e3-4f8c-a2bb-b57cfd4b12f3,Airbus A320
a266b67f-03e3-4f8c-a2bb-b57cfd4b12f3,Airbus A320
a266b67f-03e3-4f8c-a2bb-b57cfd4b12f3,Airbus A320
a266b67f-03e3-4f8c-a2bb-b57cfd4b12f3,Airbus A320
a266b67f-03e3-4f8c-a2bb-b57cfd4b12f3,Airbus A320
a266b67f-03e3-4f8c-a2bb-b57cfd4b12f3,Airbus A320
a266b67f-03e3-4f8c-a2bb-b57cfd4b12f3,Airbus A320
a266b67f-03e3-4f8c-a2bb-b57cfd4b12f3,Airbus A320
a266b67f-03e3-4f8c-a2bb-b57cfd4b12f3,Airbus A320
d7434d84-555a-4d9b-93a7-53c77cf846ea,Airbus A321
d7434d84-555a-4d9b-93a7-53c77cf846ea,Airbus A321
d7434d84-555a-4d9b-93a7-53c77cf846ea,Airbus A321
d7434d84-555a-4d9b-93a7-53c77cf846ea,Airbus A321
d7434d84-555a-4d9b-93a7-53c77cf846ea,Airbus A321
d7434d84-555a-4d9b-93a7-53c77cf846ea,Airbus A321
d7434d84-555a-4d9b-93a7-53c77cf846ea,Airbus A321
d7434d84-555a-4d9b-93a7-53c77cf846ea,Airbus A321
d7434d84-555a-4d9b-93a7-53c77cf846ea,Airbus A321
d7434d84-555a-4d9b-93a7-53c77cf846ea,Airbus A321
d7434d84-555a-4d9b-93a7-53c77cf846ea,Airbus A321
d7434d84-555a-4d9b-93a7-53c77cf846ea,Airbus A321
d7434d84-555a-4d9b-93a7-53c77cf846ea,Airbus A321
d7434d84-555a-4d9b-93a7-53c77cf846ea,Airbus A321
d7434d84-555a-4d9b-93a7-53c77cf846ea,Airbus A321
d7434d84-555a-4d9b-93a7-53c77cf846ea,Airbus A321
d7434d84-555a-4d9b-93a7-53c77cf846ea,Airbus A321
d7434d84-555a-4d9b-93a7-53c77cf846ea,Airbus A321
d7434d84-555a-4d9b-93a7-53c77cf846ea,Airbus A321
d7434d84-555a-4d9b-93a7-53c77cf846ea,Airbus A321
d7434d84-555a-4d9b-93a7-53c77cf846ea,Airbus A321
d7434d84-555a-4d9b-93a7-53c77cf846ea,Airbus A321
d7434d84-555a-4d9b-93a7-53c77cf846ea,Airbus A321
d7434d84-555a-4d9b-93a7-53c77cf846ea,Airbus A321
d7434d84-555a-4d9b-93a7-53c77cf846ea,Airbus A321
d7434d84-555a-4d9b-93a7-53c77cf846ea,Airbus A321
d7434d84-555a-4d9b-93a7-53c77cf846ea,Airbus A321
d7434d84-555a-4d9b-93a7-53c77cf846ea,Airbus A321
d7434d84-555a-4d9b-93a7-53c77cf846ea,Airbus A321
d7434d84-555a-4d9b-93a7-53c77cf846ea,Airbus A321
d7434d84-555a-4d9b-93a7-53c77cf846ea,Airbus A321
2b1249c8-11d8-4fa6-9aae-a99eff451225,C-17
0a3edb21-d515-4619-8392-aef51b952ac9,F18
e92bc6db-a9e6-4137-a93c-a7423715b799,Cirrus SR22 GTS
e92bc6db-a9e6-4137-a93c-a7423715b799,Cirrus SR22 GTS
e92bc6db-a9e6-4137-a93c-a7423715b799,Cirrus SR22 GTS
e92bc6db-a9e6-4137-a93c-a7423715b799,Cirrus SR22 GTS
e92bc6db-a9e6-4137-a93c-a7423715b799,Cirrus SR22 GTS
7bd8096f-8eae-47b9-8e1a-38dabd2c59c4,F-16
9769c825-0f89-4faf-abb1-9dd473321ede,P-38
f11ed126-bce8-46ef-9265-69191c354575,Airbus A380
f11ed126-bce8-46ef-9265-69191c354575,Airbus A380
f11ed126-bce8-46ef-9265-69191c354575,Airbus A380
f11ed126-bce8-46ef-9265-69191c354575,Airbus A380
f11ed126-bce8-46ef-9265-69191c354575,Airbus A380
f11ed126-bce8-46ef-9265-69191c354575,Airbus A380
f11ed126-bce8-46ef-9265-69191c354575,Airbus A380
f11ed126-bce8-46ef-9265-69191c354575,Airbus A380
f11ed126-bce8-46ef-9265-69191c354575,Airbus A380
f11ed126-bce8-46ef-9265-69191c354575,Airbus A380
f11ed126-bce8-46ef-9265-69191c354575,Airbus A380
f11ed126-bce8-46ef-9265-69191c354575,Airbus A380
f11ed126-bce8-46ef-9265-69191c354575,Airbus A380
f11ed126-bce8-46ef-9265-69191c354575,Airbus A380
f11ed126-bce8-46ef-9265-69191c354575,Airbus A380
f580ad00-b7c7-4813-9dbc-c4a8c655cc46,Airbus A330-200F
f580ad00-b7c7-4813-9dbc-c4a8c655cc46,Airbus A330-200F
f580ad00-b7c7-4813-9dbc-c4a8c655cc46,Airbus A330-200F
6af2c9f8-abd8-4872-a9bc-4e79fd84fe77,Airbus A330-300
6af2c9f8-abd8-4872-a9bc-4e79fd84fe77,Airbus A330-300
6af2c9f8-abd8-4872-a9bc-4e79fd84fe77,Airbus A330-300
6af2c9f8-abd8-4872-a9bc-4e79fd84fe77,Airbus A330-300
6af2c9f8-abd8-4872-a9bc-4e79fd84fe77,Airbus A330-300
6af2c9f8-abd8-4872-a9bc-4e79fd84fe77,Airbus A330-300
6af2c9f8-abd8-4872-a9bc-4e79fd84fe77,Airbus A330-300
6af2c9f8-abd8-4872-a9bc-4e79fd84fe77,Airbus A330-300
6af2c9f8-abd8-4872-a9bc-4e79fd84fe77,Airbus A330-300
6af2c9f8-abd8-4872-a9bc-4e79fd84fe77,Airbus A330-300
6af2c9f8-abd8-4872-a9bc-4e79fd84fe77,Airbus A330-300
6af2c9f8-abd8-4872-a9bc-4e79fd84fe77,Airbus A330-300
6af2c9f8-abd8-4872-a9bc-4e79fd84fe77,Airbus A330-300
6af2c9f8-abd8-4872-a9bc-4e79fd84fe77,Airbus A330-300
6af2c9f8-abd8-4872-a9bc-4e79fd84fe77,Airbus A330-300
6af2c9f8-abd8-4872-a9bc-4e79fd84fe77,Airbus A330-300
6af2c9f8-abd8-4872-a9bc-4e79fd84fe77,Airbus A330-300
6af2c9f8-abd8-4872-a9bc-4e79fd84fe77,Airbus A330-300
6af2c9f8-abd8-4872-a9bc-4e79fd84fe77,Airbus A330-300
6af2c9f8-abd8-4872-a9bc-4e79fd84fe77,Airbus A330-300
6af2c9f8-abd8-4872-a9bc-4e79fd84fe77,Airbus A330-300
6af2c9f8-abd8-4872-a9bc-4e79fd84fe77,Airbus A330-300
6af2c9f8-abd8-4872-a9bc-4e79fd84fe77,Airbus A330-300
6af2c9f8-abd8-4872-a9bc-4e79fd84fe77,Airbus A330-300
6af2c9f8-abd8-4872-a9bc-4e79fd84fe77,Airbus A330-300
6af2c9f8-abd8-4872-a9bc-4e79fd84fe77,Airbus A330-300
6af2c9f8-abd8-4872-a9bc-4e79fd84fe77,Airbus A330-300
6af2c9f8-abd8-4872-a9bc-4e79fd84fe77,Airbus A330-300
6af2c9f8-abd8-4872-a9bc-4e79fd84fe77,Airbus A330-300
6af2c9f8-abd8-4872-a9bc-4e79fd84fe77,Airbus A330-300
6af2c9f8-abd8-4872-a9bc-4e79fd84fe77,Airbus A330-300
8b00fd70-d825-4c30-a52e-3a27a3a1a157,Airbus A340-600
8b00fd70-d825-4c30-a52e-3a27a3a1a157,Airbus A340-600
8b00fd70-d825-4c30-a52e-3a27a3a1a157,Airbus A340-600
8b00fd70-d825-4c30-a52e-3a27a3a1a157,Airbus A340-600
8b00fd70-d825-4c30-a52e-3a27a3a1a157,Airbus A340-600
8b00fd70-d825-4c30-a52e-3a27a3a1a157,Airbus A340-600
8b00fd70-d825-4c30-a52e-3a27a3a1a157,Airbus A340-600
8b00fd70-d825-4c30-a52e-3a27a3a1a157,Airbus A340-600
8b00fd70-d825-4c30-a52e-3a27a3a1a157,Airbus A340-600
81d9ccd4-9c03-493a-811e-8fad3e57bd05,A-10
81d9ccd4-9c03-493a-811e-8fad3e57bd05,A-10
81d9ccd4-9c03-493a-811e-8fad3e57bd05,A-10
81d9ccd4-9c03-493a-811e-8fad3e57bd05,A-10
81d9ccd4-9c03-493a-811e-8fad3e57bd05,A-10
81d9ccd4-9c03-493a-811e-8fad3e57bd05,A-10
81d9ccd4-9c03-493a-811e-8fad3e57bd05,A-10
81d9ccd4-9c03-493a-811e-8fad3e57bd05,A-10
81d9ccd4-9c03-493a-811e-8fad3e57bd05,A-10
dac4bb8e-6bb3-480a-a5a5-191d7d351e47,ERJ-170
dac4bb8e-6bb3-480a-a5a5-191d7d351e47,ERJ-170
dac4bb8e-6bb3-480a-a5a5-191d7d351e47,ERJ-170
dac4bb8e-6bb3-480a-a5a5-191d7d351e47,ERJ-170
af055734-aaed-44ad-a2d0-5b9046f29d0d,ERJ-175
af055734-aaed-44ad-a2d0-5b9046f29d0d,ERJ-175
af055734-aaed-44ad-a2d0-5b9046f29d0d,ERJ-175
af055734-aaed-44ad-a2d0-5b9046f29d0d,ERJ-175
7de22dcf-91dd-4932-b225-533298873df2,ERJ-190
7de22dcf-91dd-4932-b225-533298873df2,ERJ-190
7de22dcf-91dd-4932-b225-533298873df2,ERJ-190
7de22dcf-91dd-4932-b225-533298873df2,ERJ-190
dd2f3f8e-db6e-4fd5-ae7d-af8b9289c755,ERJ-195
dd2f3f8e-db6e-4fd5-ae7d-af8b9289c755,ERJ-195
dd2f3f8e-db6e-4fd5-ae7d-af8b9289c755,ERJ-195
dd2f3f8e-db6e-4fd5-ae7d-af8b9289c755,ERJ-195
3828d120-d5b9-475b-b368-a94aad264b07,Boeing 767-300
3828d120-d5b9-475b-b368-a94aad264b07,Boeing 767-300
3828d120-d5b9-475b-b368-a94aad264b07,Boeing 767-300
3828d120-d5b9-475b-b368-a94aad264b07,Boeing 767-300
3828d120-d5b9-475b-b368-a94aad264b07,Boeing 767-300
3828d120-d5b9-475b-b368-a94aad264b07,Boeing 767-300
3828d120-d5b9-475b-b368-a94aad264b07,Boeing 767-300
3828d120-d5b9-475b-b368-a94aad264b07,Boeing 767-300
3828d120-d5b9-475b-b368-a94aad264b07,Boeing 767-300
3828d120-d5b9-475b-b368-a94aad264b07,Boeing 767-300
3828d120-d5b9-475b-b368-a94aad264b07,Boeing 767-300
3828d120-d5b9-475b-b368-a94aad264b07,Boeing 767-300
3828d120-d5b9-475b-b368-a94aad264b07,Boeing 767-300
8a62f1d0-bca9-494c-bc01-1fb8b7255f76,Spitfire
9bbe741a-6fbe-415b-9eb1-00d45083c7a4,F-14
9bbe741a-6fbe-415b-9eb1-00d45083c7a4,F-14
9bbe741a-6fbe-415b-9eb1-00d45083c7a4,F-14
9bbe741a-6fbe-415b-9eb1-00d45083c7a4,F-14
ed29f26b-774e-471e-a23a-ecb9b6f5da74,Boeing 757-200
ed29f26b-774e-471e-a23a-ecb9b6f5da74,Boeing 757-200
ed29f26b-774e-471e-a23a-ecb9b6f5da74,Boeing 757-200
ed29f26b-774e-471e-a23a-ecb9b6f5da74,Boeing 757-200
ed29f26b-774e-471e-a23a-ecb9b6f5da74,Boeing 757-200
ed29f26b-774e-471e-a23a-ecb9b6f5da74,Boeing 757-200
ed29f26b-774e-471e-a23a-ecb9b6f5da74,Boeing 757-200
ed29f26b-774e-471e-a23a-ecb9b6f5da74,Boeing 757-200
ed29f26b-774e-471e-a23a-ecb9b6f5da74,Boeing 757-200
ed29f26b-774e-471e-a23a-ecb9b6f5da74,Boeing 757-200
ed29f26b-774e-471e-a23a-ecb9b6f5da74,Boeing 757-200
ed29f26b-774e-471e-a23a-ecb9b6f5da74,Boeing 757-200
ed29f26b-774e-471e-a23a-ecb9b6f5da74,Boeing 757-200
ed29f26b-774e-471e-a23a-ecb9b6f5da74,Boeing 757-200
ed29f26b-774e-471e-a23a-ecb9b6f5da74,Boeing 757-200
ed29f26b-774e-471e-a23a-ecb9b6f5da74,Boeing 757-200
ed29f26b-774e-471e-a23a-ecb9b6f5da74,Boeing 757-200
ed29f26b-774e-471e-a23a-ecb9b6f5da74,Boeing 757-200
ed29f26b-774e-471e-a23a-ecb9b6f5da74,Boeing 757-200
ed29f26b-774e-471e-a23a-ecb9b6f5da74,Boeing 757-200
ed29f26b-774e-471e-a23a-ecb9b6f5da74,Boeing 757-200
ed29f26b-774e-471e-a23a-ecb9b6f5da74,Boeing 757-200
ed29f26b-774e-471e-a23a-ecb9b6f5da74,Boeing 757-200
ed29f26b-774e-471e-a23a-ecb9b6f5da74,Boeing 757-200
ed29f26b-774e-471e-a23a-ecb9b6f5da74,Boeing 757-200
ed29f26b-774e-471e-a23a-ecb9b6f5da74,Boeing 757-200
ed29f26b-774e-471e-a23a-ecb9b6f5da74,Boeing 757-200
ed29f26b-774e-471e-a23a-ecb9b6f5da74,Boeing 757-200
ed29f26b-774e-471e-a23a-ecb9b6f5da74,Boeing 757-200
ed29f26b-774e-471e-a23a-ecb9b6f5da74,Boeing 757-200
ed29f26b-774e-471e-a23a-ecb9b6f5da74,Boeing 757-200
ed29f26b-774e-471e-a23a-ecb9b6f5da74,Boeing 757-200
341820c8-ed7e-4824-9f53-f7489231fe26,Boeing 717-200
341820c8-ed7e-4824-9f53-f7489231fe26,Boeing 717-200
341820c8-ed7e-4824-9f53-f7489231fe26,Boeing 717-200
341820c8-ed7e-4824-9f53-f7489231fe26,Boeing 717-200
341820c8-ed7e-4824-9f53-f7489231fe26,Boeing 717-200
341820c8-ed7e-4824-9f53-f7489231fe26,Boeing 717-200
341820c8-ed7e-4824-9f53-f7489231fe26,Boeing 717-200
341820c8-ed7e-4824-9f53-f7489231fe26,Boeing 717-200
341820c8-ed7e-4824-9f53-f7489231fe26,Boeing 717-200
341820c8-ed7e-4824-9f53-f7489231fe26,Boeing 717-200
341820c8-ed7e-4824-9f53-f7489231fe26,Boeing 717-200
849366e1-cb11-4d72-9034-78b11cd026b0,F-22
206884f9-38a8-4118-a920-a7dcbd166c47,Cessna 208
206884f9-38a8-4118-a920-a7dcbd166c47,Cessna 208
206884f9-38a8-4118-a920-a7dcbd166c47,Cessna 208
206884f9-38a8-4118-a920-a7dcbd166c47,Cessna 208
206884f9-38a8-4118-a920-a7dcbd166c47,Cessna 208
206884f9-38a8-4118-a920-a7dcbd166c47,Cessna 208
206884f9-38a8-4118-a920-a7dcbd166c47,Cessna 208
206884f9-38a8-4118-a920-a7dcbd166c47,Cessna 208
206884f9-38a8-4118-a920-a7dcbd166c47,Cessna 208
206884f9-38a8-4118-a920-a7dcbd166c47,Cessna 208
206884f9-38a8-4118-a920-a7dcbd166c47,Cessna 208
206884f9-38a8-4118-a920-a7dcbd166c47,Cessna 208
206884f9-38a8-4118-a920-a7dcbd166c47,Cessna 208
206884f9-38a8-4118-a920-a7dcbd166c47,Cessna 208
206884f9-38a8-4118-a920-a7dcbd166c47,Cessna 208
206884f9-38a8-4118-a920-a7dcbd166c47,Cessna 208
206884f9-38a8-4118-a920-a7dcbd166c47,Cessna 208
206884f9-38a8-4118-a920-a7dcbd166c47,Cessna 208
206884f9-38a8-4118-a920-a7dcbd166c47,Cessna 208
206884f9-38a8-4118-a920-a7dcbd166c47,Cessna 208
206884f9-38a8-4118-a920-a7dcbd166c47,Cessna 208
206884f9-38a8-4118-a920-a7dcbd166c47,Cessna 208
bec63a00-a483-4427-a076-0f76dba0ee97,Boeing 777-200ER
bec63a00-a483-4427-a076-0f76dba0ee97,Boeing 777-200ER
bec63a00-a483-4427-a076-0f76dba0ee97,Boeing 777-200ER
bec63a00-a483-4427-a076-0f76dba0ee97,Boeing 777-200ER
bec63a00-a483-4427-a076-0f76dba0ee97,Boeing 777-200ER
bec63a00-a483-4427-a076-0f76dba0ee97,Boeing 777-200ER
bec63a00-a483-4427-a076-0f76dba0ee97,Boeing 777-200ER
bec63a00-a483-4427-a076-0f76dba0ee97,Boeing 777-200ER
bec63a00-a483-4427-a076-0f76dba0ee97,Boeing 777-200ER
bec63a00-a483-4427-a076-0f76dba0ee97,Boeing 777-200ER
bec63a00-a483-4427-a076-0f76dba0ee97,Boeing 777-200ER
bec63a00-a483-4427-a076-0f76dba0ee97,Boeing 777-200ER
bec63a00-a483-4427-a076-0f76dba0ee97,Boeing 777-200ER
bec63a00-a483-4427-a076-0f76dba0ee97,Boeing 777-200ER
bec63a00-a483-4427-a076-0f76dba0ee97,Boeing 777-200ER
bec63a00-a483-4427-a076-0f76dba0ee97,Boeing 777-200ER
bec63a00-a483-4427-a076-0f76dba0ee97,Boeing 777-200ER
bec63a00-a483-4427-a076-0f76dba0ee97,Boeing 777-200ER
bec63a00-a483-4427-a076-0f76dba0ee97,Boeing 777-200ER
bec63a00-a483-4427-a076-0f76dba0ee97,Boeing 777-200ER
bec63a00-a483-4427-a076-0f76dba0ee97,Boeing 777-200ER
bec63a00-a483-4427-a076-0f76dba0ee97,Boeing 777-200ER
bec63a00-a483-4427-a076-0f76dba0ee97,Boeing 777-200ER
bec63a00-a483-4427-a076-0f76dba0ee97,Boeing 777-200ER
bec63a00-a483-4427-a076-0f76dba0ee97,Boeing 777-200ER
6925c030-a868-49cc-adc8-7025537c51ca,Boeing 777F
6925c030-a868-49cc-adc8-7025537c51ca,Boeing 777F
6925c030-a868-49cc-adc8-7025537c51ca,Boeing 777F
6925c030-a868-49cc-adc8-7025537c51ca,Boeing 777F
6925c030-a868-49cc-adc8-7025537c51ca,Boeing 777F
6925c030-a868-49cc-adc8-7025537c51ca,Boeing 777F
6925c030-a868-49cc-adc8-7025537c51ca,Boeing 777F
6925c030-a868-49cc-adc8-7025537c51ca,Boeing 777F
6925c030-a868-49cc-adc8-7025537c51ca,Boeing 777F
6925c030-a868-49cc-adc8-7025537c51ca,Boeing 777F
6925c030-a868-49cc-adc8-7025537c51ca,Boeing 777F
6925c030-a868-49cc-adc8-7025537c51ca,Boeing 777F
6925c030-a868-49cc-adc8-7025537c51ca,Boeing 777F
6925c030-a868-49cc-adc8-7025537c51ca,Boeing 777F
6925c030-a868-49cc-adc8-7025537c51ca,Boeing 777F
6925c030-a868-49cc-adc8-7025537c51ca,Boeing 777F
6925c030-a868-49cc-adc8-7025537c51ca,Boeing 777F
6925c030-a868-49cc-adc8-7025537c51ca,Boeing 777F
6925c030-a868-49cc-adc8-7025537c51ca,Boeing 777F
6925c030-a868-49cc-adc8-7025537c51ca,Boeing 777F
e258f6d4-4503-4dde-b25c-1fb9067061e2,Boeing 777-300ER
e258f6d4-4503-4dde-b25c-1fb9067061e2,Boeing 777-300ER
e258f6d4-4503-4dde-b25c-1fb9067061e2,Boeing 777-300ER
e258f6d4-4503-4dde-b25c-1fb9067061e2,Boeing 777-300ER
e258f6d4-4503-4dde-b25c-1fb9067061e2,Boeing 777-300ER
e258f6d4-4503-4dde-b25c-1fb9067061e2,Boeing 777-300ER
e258f6d4-4503-4dde-b25c-1fb9067061e2,Boeing 777-300ER
e258f6d4-4503-4dde-b25c-1fb9067061e2,Boeing 777-300ER
e258f6d4-4503-4dde-b25c-1fb9067061e2,Boeing 777-300ER
e258f6d4-4503-4dde-b25c-1fb9067061e2,Boeing 777-300ER
e258f6d4-4503-4dde-b25c-1fb9067061e2,Boeing 777-300ER
e258f6d4-4503-4dde-b25c-1fb9067061e2,Boeing 777-300ER
e258f6d4-4503-4dde-b25c-1fb9067061e2,Boeing 777-300ER
e258f6d4-4503-4dde-b25c-1fb9067061e2,Boeing 777-300ER
e258f6d4-4503-4dde-b25c-1fb9067061e2,Boeing 777-300ER
e258f6d4-4503-4dde-b25c-1fb9067061e2,Boeing 777-300ER
e258f6d4-4503-4dde-b25c-1fb9067061e2,Boeing 777-300ER
e258f6d4-4503-4dde-b25c-1fb9067061e2,Boeing 777-300ER
e258f6d4-4503-4dde-b25c-1fb9067061e2,Boeing 777-300ER
e258f6d4-4503-4dde-b25c-1fb9067061e2,Boeing 777-300ER
e258f6d4-4503-4dde-b25c-1fb9067061e2,Boeing 777-300ER
e258f6d4-4503-4dde-b25c-1fb9067061e2,Boeing 777-300ER
e258f6d4-4503-4dde-b25c-1fb9067061e2,Boeing 777-300ER
e258f6d4-4503-4dde-b25c-1fb9067061e2,Boeing 777-300ER
e258f6d4-4503-4dde-b25c-1fb9067061e2,Boeing 777-300ER
e258f6d4-4503-4dde-b25c-1fb9067061e2,Boeing 777-300ER
e258f6d4-4503-4dde-b25c-1fb9067061e2,Boeing 777-300ER
e258f6d4-4503-4dde-b25c-1fb9067061e2,Boeing 777-300ER
e258f6d4-4503-4dde-b25c-1fb9067061e2,Boeing 777-300ER
e258f6d4-4503-4dde-b25c-1fb9067061e2,Boeing 777-300ER
e258f6d4-4503-4dde-b25c-1fb9067061e2,Boeing 777-300ER
8290107b-d728-4fc3-b36e-0224c1780bac,Boeing 777-200LR
8290107b-d728-4fc3-b36e-0224c1780bac,Boeing 777-200LR
8290107b-d728-4fc3-b36e-0224c1780bac,Boeing 777-200LR
8290107b-d728-4fc3-b36e-0224c1780bac,Boeing 777-200LR
8290107b-d728-4fc3-b36e-0224c1780bac,Boeing 777-200LR
8290107b-d728-4fc3-b36e-0224c1780bac,Boeing 777-200LR
8290107b-d728-4fc3-b36e-0224c1780bac,Boeing 777-200LR
8290107b-d728-4fc3-b36e-0224c1780bac,Boeing 777-200LR
8290107b-d728-4fc3-b36e-0224c1780bac,Boeing 777-200LR
8290107b-d728-4fc3-b36e-0224c1780bac,Boeing 777-200LR
8290107b-d728-4fc3-b36e-0224c1780bac,Boeing 777-200LR
8290107b-d728-4fc3-b36e-0224c1780bac,Boeing 777-200LR
8290107b-d728-4fc3-b36e-0224c1780bac,Boeing 777-200LR
8290107b-d728-4fc3-b36e-0224c1780bac,Boeing 777-200LR
150fd3d1-1b06-431b-a889-628ae470d57b,Cessna Citation X
150fd3d1-1b06-431b-a889-628ae470d57b,Cessna Citation X
150fd3d1-1b06-431b-a889-628ae470d57b,Cessna Citation X
150fd3d1-1b06-431b-a889-628ae470d57b,Cessna Citation X
150fd3d1-1b06-431b-a889-628ae470d57b,Cessna Citation X
150fd3d1-1b06-431b-a889-628ae470d57b,Cessna Citation X
150fd3d1-1b06-431b-a889-628ae470d57b,Cessna Citation X
150fd3d1-1b06-431b-a889-628ae470d57b,Cessna Citation X
150fd3d1-1b06-431b-a889-628ae470d57b,Cessna Citation X
150fd3d1-1b06-431b-a889-628ae470d57b,Cessna Citation X
150fd3d1-1b06-431b-a889-628ae470d57b,Cessna Citation X
2ec6f8cd-fdb9-464f-87c2-808f778fdb1d,Boeing 737-700
2ec6f8cd-fdb9-464f-87c2-808f778fdb1d,Boeing 737-700
2ec6f8cd-fdb9-464f-87c2-808f778fdb1d,Boeing 737-700
2ec6f8cd-fdb9-464f-87c2-808f778fdb1d,Boeing 737-700
2ec6f8cd-fdb9-464f-87c2-808f778fdb1d,Boeing 737-700
2ec6f8cd-fdb9-464f-87c2-808f778fdb1d,Boeing 737-700
2ec6f8cd-fdb9-464f-87c2-808f778fdb1d,Boeing 737-700
2ec6f8cd-fdb9-464f-87c2-808f778fdb1d,Boeing 737-700
2ec6f8cd-fdb9-464f-87c2-808f778fdb1d,Boeing 737-700
2ec6f8cd-fdb9-464f-87c2-808f778fdb1d,Boeing 737-700
2ec6f8cd-fdb9-464f-87c2-808f778fdb1d,Boeing 737-700
2ec6f8cd-fdb9-464f-87c2-808f778fdb1d,Boeing 737-700
2ec6f8cd-fdb9-464f-87c2-808f778fdb1d,Boeing 737-700
2ec6f8cd-fdb9-464f-87c2-808f778fdb1d,Boeing 737-700
2ec6f8cd-fdb9-464f-87c2-808f778fdb1d,Boeing 737-700
2ec6f8cd-fdb9-464f-87c2-808f778fdb1d,Boeing 737-700
2ec6f8cd-fdb9-464f-87c2-808f778fdb1d,Boeing 737-700
2ec6f8cd-fdb9-464f-87c2-808f778fdb1d,Boeing 737-700
2ec6f8cd-fdb9-464f-87c2-808f778fdb1d,Boeing 737-700
2ec6f8cd-fdb9-464f-87c2-808f778fdb1d,Boeing 737-700
2ec6f8cd-fdb9-464f-87c2-808f778fdb1d,Boeing 737-700
2ec6f8cd-fdb9-464f-87c2-808f778fdb1d,Boeing 737-700
2ec6f8cd-fdb9-464f-87c2-808f778fdb1d,Boeing 737-700
2ec6f8cd-fdb9-464f-87c2-808f778fdb1d,Boeing 737-700
2ec6f8cd-fdb9-464f-87c2-808f778fdb1d,Boeing 737-700
2ec6f8cd-fdb9-464f-87c2-808f778fdb1d,Boeing 737-700
2ec6f8cd-fdb9-464f-87c2-808f778fdb1d,Boeing 737-700
2ec6f8cd-fdb9-464f-87c2-808f778fdb1d,Boeing 737-700
f60a537d-5f83-4b68-8f66-b5f76d1e1775,Boeing 737-800
f60a537d-5f83-4b68-8f66-b5f76d1e1775,Boeing 737-800
f60a537d-5f83-4b68-8f66-b5f76d1e1775,Boeing 737-800
f60a537d-5f83-4b68-8f66-b5f76d1e1775,Boeing 737-800
f60a537d-5f83-4b68-8f66-b5f76d1e1775,Boeing 737-800
f60a537d-5f83-4b68-8f66-b5f76d1e1775,Boeing 737-800
f60a537d-5f83-4b68-8f66-b5f76d1e1775,Boeing 737-800
f60a537d-5f83-4b68-8f66-b5f76d1e1775,Boeing 737-800
f60a537d-5f83-4b68-8f66-b5f76d1e1775,Boeing 737-800
f60a537d-5f83-4b68-8f66-b5f76d1e1775,Boeing 737-800
f60a537d-5f83-4b68-8f66-b5f76d1e1775,Boeing 737-800
f60a537d-5f83-4b68-8f66-b5f76d1e1775,Boeing 737-800
f60a537d-5f83-4b68-8f66-b5f76d1e1775,Boeing 737-800
f60a537d-5f83-4b68-8f66-b5f76d1e1775,Boeing 737-800
f60a537d-5f83-4b68-8f66-b5f76d1e1775,Boeing 737-800
f60a537d-5f83-4b68-8f66-b5f76d1e1775,Boeing 737-800
f60a537d-5f83-4b68-8f66-b5f76d1e1775,Boeing 737-800
f60a537d-5f83-4b68-8f66-b5f76d1e1775,Boeing 737-800
f60a537d-5f83-4b68-8f66-b5f76d1e1775,Boeing 737-800
f60a537d-5f83-4b68-8f66-b5f76d1e1775,Boeing 737-800
f60a537d-5f83-4b68-8f66-b5f76d1e1775,Boeing 737-800
f60a537d-5f83-4b68-8f66-b5f76d1e1775,Boeing 737-800
f60a537d-5f83-4b68-8f66-b5f76d1e1775,Boeing 737-800
f60a537d-5f83-4b68-8f66-b5f76d1e1775,Boeing 737-800
f60a537d-5f83-4b68-8f66-b5f76d1e1775,Boeing 737-800
f60a537d-5f83-4b68-8f66-b5f76d1e1775,Boeing 737-800
f60a537d-5f83-4b68-8f66-b5f76d1e1775,Boeing 737-800
f60a537d-5f83-4b68-8f66-b5f76d1e1775,Boeing 737-800
f60a537d-5f83-4b68-8f66-b5f76d1e1775,Boeing 737-800
f60a537d-5f83-4b68-8f66-b5f76d1e1775,Boeing 737-800
f60a537d-5f83-4b68-8f66-b5f76d1e1775,Boeing 737-800
f60a537d-5f83-4b68-8f66-b5f76d1e1775,Boeing 737-800
f60a537d-5f83-4b68-8f66-b5f76d1e1775,Boeing 737-800
f60a537d-5f83-4b68-8f66-b5f76d1e1775,Boeing 737-800
f60a537d-5f83-4b68-8f66-b5f76d1e1775,Boeing 737-800
f60a537d-5f83-4b68-8f66-b5f76d1e1775,Boeing 737-800
f60a537d-5f83-4b68-8f66-b5f76d1e1775,Boeing 737-800
f60a537d-5f83-4b68-8f66-b5f76d1e1775,Boeing 737-800
f60a537d-5f83-4b68-8f66-b5f76d1e1775,Boeing 737-800
f60a537d-5f83-4b68-8f66-b5f76d1e1775,Boeing 737-800
f60a537d-5f83-4b68-8f66-b5f76d1e1775,Boeing 737-800
f60a537d-5f83-4b68-8f66-b5f76d1e1775,Boeing 737-800
f60a537d-5f83-4b68-8f66-b5f76d1e1775,Boeing 737-800
f60a537d-5f83-4b68-8f66-b5f76d1e1775,Boeing 737-800
64568366-b72c-47bd-8bf6-6fdb81b683f9,Boeing 737-900
64568366-b72c-47bd-8bf6-6fdb81b683f9,Boeing 737-900
64568366-b72c-47bd-8bf6-6fdb81b683f9,Boeing 737-900
64568366-b72c-47bd-8bf6-6fdb81b683f9,Boeing 737-900
64568366-b72c-47bd-8bf6-6fdb81b683f9,Boeing 737-900
64568366-b72c-47bd-8bf6-6fdb81b683f9,Boeing 737-900
64568366-b72c-47bd-8bf6-6fdb81b683f9,Boeing 737-900
64568366-b72c-47bd-8bf6-6fdb81b683f9,Boeing 737-900
64568366-b72c-47bd-8bf6-6fdb81b683f9,Boeing 737-900
64568366-b72c-47bd-8bf6-6fdb81b683f9,Boeing 737-900
64568366-b72c-47bd-8bf6-6fdb81b683f9,Boeing 737-900
64568366-b72c-47bd-8bf6-6fdb81b683f9,Boeing 737-900
64568366-b72c-47bd-8bf6-6fdb81b683f9,Boeing 737-900
64568366-b72c-47bd-8bf6-6fdb81b683f9,Boeing 737-900
64568366-b72c-47bd-8bf6-6fdb81b683f9,Boeing 737-900
64568366-b72c-47bd-8bf6-6fdb81b683f9,Boeing 737-900
64568366-b72c-47bd-8bf6-6fdb81b683f9,Boeing 737-900
64568366-b72c-47bd-8bf6-6fdb81b683f9,Boeing 737-900
de510d3d-04f8-46e0-8d65-55b888f33129,Boeing 747-400
de510d3d-04f8-46e0-8d65-55b888f33129,Boeing 747-400
de510d3d-04f8-46e0-8d65-55b888f33129,Boeing 747-400
de510d3d-04f8-46e0-8d65-55b888f33129,Boeing 747-400
de510d3d-04f8-46e0-8d65-55b888f33129,Boeing 747-400
de510d3d-04f8-46e0-8d65-55b888f33129,Boeing 747-400
de510d3d-04f8-46e0-8d65-55b888f33129,Boeing 747-400
de510d3d-04f8-46e0-8d65-55b888f33129,Boeing 747-400
de510d3d-04f8-46e0-8d65-55b888f33129,Boeing 747-400
de510d3d-04f8-46e0-8d65-55b888f33129,Boeing 747-400
de510d3d-04f8-46e0-8d65-55b888f33129,Boeing 747-400
de510d3d-04f8-46e0-8d65-55b888f33129,Boeing 747-400
de510d3d-04f8-46e0-8d65-55b888f33129,Boeing 747-400
de510d3d-04f8-46e0-8d65-55b888f33129,Boeing 747-400
de510d3d-04f8-46e0-8d65-55b888f33129,Boeing 747-400
de510d3d-04f8-46e0-8d65-55b888f33129,Boeing 747-400
de510d3d-04f8-46e0-8d65-55b888f33129,Boeing 747-400
0d49ce9e-446a-4d12-b651-6983afdeeb40,Boeing 747-SCA
e94ec915-3368-4bcc-bc78-2c5ad3cfbabb,Boeing 747-AF1
9759c19f-8f18-40f5-80d1-03a272f98a3b,Boeing 747-8
9759c19f-8f18-40f5-80d1-03a272f98a3b,Boeing 747-8
9759c19f-8f18-40f5-80d1-03a272f98a3b,Boeing 747-8
9759c19f-8f18-40f5-80d1-03a272f98a3b,Boeing 747-8
9759c19f-8f18-40f5-80d1-03a272f98a3b,Boeing 747-8
9759c19f-8f18-40f5-80d1-03a272f98a3b,Boeing 747-8
9759c19f-8f18-40f5-80d1-03a272f98a3b,Boeing 747-8
9759c19f-8f18-40f5-80d1-03a272f98a3b,Boeing 747-8
9759c19f-8f18-40f5-80d1-03a272f98a3b,Boeing 747-8
9759c19f-8f18-40f5-80d1-03a272f98a3b,Boeing 747-8
9759c19f-8f18-40f5-80d1-03a272f98a3b,Boeing 747-8
9759c19f-8f18-40f5-80d1-03a272f98a3b,Boeing 747-8
9759c19f-8f18-40f5-80d1-03a272f98a3b,Boeing 747-8
9759c19f-8f18-40f5-80d1-03a272f98a3b,Boeing 747-8
9759c19f-8f18-40f5-80d1-03a272f98a3b,Boeing 747-8
c82da702-ea61-4399-921c-34f35f3ca5c4,Boeing 747-200
c82da702-ea61-4399-921c-34f35f3ca5c4,Boeing 747-200
c82da702-ea61-4399-921c-34f35f3ca5c4,Boeing 747-200
c82da702-ea61-4399-921c-34f35f3ca5c4,Boeing 747-200
c82da702-ea61-4399-921c-34f35f3ca5c4,Boeing 747-200
c82da702-ea61-4399-921c-34f35f3ca5c4,Boeing 747-200
c82da702-ea61-4399-921c-34f35f3ca5c4,Boeing 747-200
c82da702-ea61-4399-921c-34f35f3ca5c4,Boeing 747-200
c82da702-ea61-4399-921c-34f35f3ca5c4,Boeing 747-200
c82da702-ea61-4399-921c-34f35f3ca5c4,Boeing 747-200
c82da702-ea61-4399-921c-34f35f3ca5c4,Boeing 747-200
c82da702-ea61-4399-921c-34f35f3ca5c4,Boeing 747-200
c82da702-ea61-4399-921c-34f35f3ca5c4,Boeing 747-200
c82da702-ea61-4399-921c-34f35f3ca5c4,Boeing 747-200
c82da702-ea61-4399-921c-34f35f3ca5c4,Boeing 747-200
3ee45d20-1984-4d95-a753-3696e35cdf77,Boeing 747-SOFIA
3098345e-1152-4441-96ec-40a71179a24f,Bombardier Dash 8-Q400
3098345e-1152-4441-96ec-40a71179a24f,Bombardier Dash 8-Q400
3098345e-1152-4441-96ec-40a71179a24f,Bombardier Dash 8-Q400
3098345e-1152-4441-96ec-40a71179a24f,Bombardier Dash 8-Q400
3098345e-1152-4441-96ec-40a71179a24f,Bombardier Dash 8-Q400
3098345e-1152-4441-96ec-40a71179a24f,Bombardier Dash 8-Q400
3098345e-1152-4441-96ec-40a71179a24f,Bombardier Dash 8-Q400
3098345e-1152-4441-96ec-40a71179a24f,Bombardier Dash 8-Q400
3098345e-1152-4441-96ec-40a71179a24f,Bombardier Dash 8-Q400
3098345e-1152-4441-96ec-40a71179a24f,Bombardier Dash 8-Q400
3098345e-1152-4441-96ec-40a71179a24f,Bombardier Dash 8-Q400
3098345e-1152-4441-96ec-40a71179a24f,Bombardier Dash 8-Q400
3098345e-1152-4441-96ec-40a71179a24f,Bombardier Dash 8-Q400
3098345e-1152-4441-96ec-40a71179a24f,Bombardier Dash 8-Q400
3098345e-1152-4441-96ec-40a71179a24f,Bombardier Dash 8-Q400
3098345e-1152-4441-96ec-40a71179a24f,Bombardier Dash 8-Q400
3098345e-1152-4441-96ec-40a71179a24f,Bombardier Dash 8-Q400
3098345e-1152-4441-96ec-40a71179a24f,Bombardier Dash 8-Q400
3098345e-1152-4441-96ec-40a71179a24f,Bombardier Dash 8-Q400
3098345e-1152-4441-96ec-40a71179a24f,Bombardier Dash 8-Q400
3098345e-1152-4441-96ec-40a71179a24f,Bombardier Dash 8-Q400
3098345e-1152-4441-96ec-40a71179a24f,Bombardier Dash 8-Q400
3098345e-1152-4441-96ec-40a71179a24f,Bombardier Dash 8-Q400
3098345e-1152-4441-96ec-40a71179a24f,Bombardier Dash 8-Q400
3098345e-1152-4441-96ec-40a71179a24f,Bombardier Dash 8-Q400
3098345e-1152-4441-96ec-40a71179a24f,Bombardier Dash 8-Q400
3098345e-1152-4441-96ec-40a71179a24f,Bombardier Dash 8-Q400
3098345e-1152-4441-96ec-40a71179a24f,Bombardier Dash 8-Q400
c1ae3647-f56a-4dc4-9007-cc8b1a2697a5,Boeing 787-8
c1ae3647-f56a-4dc4-9007-cc8b1a2697a5,Boeing 787-8
c1ae3647-f56a-4dc4-9007-cc8b1a2697a5,Boeing 787-8
c1ae3647-f56a-4dc4-9007-cc8b1a2697a5,Boeing 787-8
c1ae3647-f56a-4dc4-9007-cc8b1a2697a5,Boeing 787-8
c1ae3647-f56a-4dc4-9007-cc8b1a2697a5,Boeing 787-8
c1ae3647-f56a-4dc4-9007-cc8b1a2697a5,Boeing 787-8
c1ae3647-f56a-4dc4-9007-cc8b1a2697a5,Boeing 787-8
c1ae3647-f56a-4dc4-9007-cc8b1a2697a5,Boeing 787-8
c1ae3647-f56a-4dc4-9007-cc8b1a2697a5,Boeing 787-8
c1ae3647-f56a-4dc4-9007-cc8b1a2697a5,Boeing 787-8
c1ae3647-f56a-4dc4-9007-cc8b1a2697a5,Boeing 787-8
c1ae3647-f56a-4dc4-9007-cc8b1a2697a5,Boeing 787-8
c1ae3647-f56a-4dc4-9007-cc8b1a2697a5,Boeing 787-8
c1ae3647-f56a-4dc4-9007-cc8b1a2697a5,Boeing 787-8
c1ae3647-f56a-4dc4-9007-cc8b1a2697a5,Boeing 787-8
c1ae3647-f56a-4dc4-9007-cc8b1a2697a5,Boeing 787-8
c1ae3647-f56a-4dc4-9007-cc8b1a2697a5,Boeing 787-8
c1ae3647-f56a-4dc4-9007-cc8b1a2697a5,Boeing 787-8
c1ae3647-f56a-4dc4-9007-cc8b1a2697a5,Boeing 787-8
c1ae3647-f56a-4dc4-9007-cc8b1a2697a5,Boeing 787-8
0c039044-1a57-48db-99c1-7570a6bf2b00,Boeing 787-9
0c039044-1a57-48db-99c1-7570a6bf2b00,Boeing 787-9
0c039044-1a57-48db-99c1-7570a6bf2b00,Boeing 787-9
0c039044-1a57-48db-99c1-7570a6bf2b00,Boeing 787-9
0c039044-1a57-48db-99c1-7570a6bf2b00,Boeing 787-9
0c039044-1a57-48db-99c1-7570a6bf2b00,Boeing 787-9
0c039044-1a57-48db-99c1-7570a6bf2b00,Boeing 787-9
0c039044-1a57-48db-99c1-7570a6bf2b00,Boeing 787-9
0c039044-1a57-48db-99c1-7570a6bf2b00,Boeing 787-9
0c039044-1a57-48db-99c1-7570a6bf2b00,Boeing 787-9
0c039044-1a57-48db-99c1-7570a6bf2b00,Boeing 787-9
0c039044-1a57-48db-99c1-7570a6bf2b00,Boeing 787-9
0c039044-1a57-48db-99c1-7570a6bf2b00,Boeing 787-9
0c039044-1a57-48db-99c1-7570a6bf2b00,Boeing 787-9
0c039044-1a57-48db-99c1-7570a6bf2b00,Boeing 787-9
0c039044-1a57-48db-99c1-7570a6bf2b00,Boeing 787-9
0c039044-1a57-48db-99c1-7570a6bf2b00,Boeing 787-9
0c039044-1a57-48db-99c1-7570a6bf2b00,Boeing 787-9
0c039044-1a57-48db-99c1-7570a6bf2b00,Boeing 787-9
0c039044-1a57-48db-99c1-7570a6bf2b00,Boeing 787-9
0c039044-1a57-48db-99c1-7570a6bf2b00,Boeing 787-9
61084cae-8aac-4da4-a7df-396ec6d9c870,Boeing 787-10
61084cae-8aac-4da4-a7df-396ec6d9c870,Boeing 787-10
61084cae-8aac-4da4-a7df-396ec6d9c870,Boeing 787-10
61084cae-8aac-4da4-a7df-396ec6d9c870,Boeing 787-10
61084cae-8aac-4da4-a7df-396ec6d9c870,Boeing 787-10
61084cae-8aac-4da4-a7df-396ec6d9c870,Boeing 787-10
61084cae-8aac-4da4-a7df-396ec6d9c870,Boeing 787-10
61084cae-8aac-4da4-a7df-396ec6d9c870,Boeing 787-10
61084cae-8aac-4da4-a7df-396ec6d9c870,Boeing 787-10
61084cae-8aac-4da4-a7df-396ec6d9c870,Boeing 787-10
61084cae-8aac-4da4-a7df-396ec6d9c870,Boeing 787-10
7b6e1658-42ab-4fc3-81ec-706445346d46,C-130H
7b6e1658-42ab-4fc3-81ec-706445346d46,C-130H
7b6e1658-42ab-4fc3-81ec-706445346d46,C-130H
7b6e1658-42ab-4fc3-81ec-706445346d46,C-130H
7b6e1658-42ab-4fc3-81ec-706445346d46,C-130H
33d26fc7-ae7d-4c5d-9e0d-d6cba93d4913,C-130J
33d26fc7-ae7d-4c5d-9e0d-d6cba93d4913,C-130J
33d26fc7-ae7d-4c5d-9e0d-d6cba93d4913,C-130J
33d26fc7-ae7d-4c5d-9e0d-d6cba93d4913,C-130J
33d26fc7-ae7d-4c5d-9e0d-d6cba93d4913,C-130J
e0e1900e-0e63-4700-b508-5e2efe120ce5,C-130J-30
e0e1900e-0e63-4700-b508-5e2efe120ce5,C-130J-30
e0e1900e-0e63-4700-b508-5e2efe120ce5,C-130J-30
e0e1900e-0e63-4700-b508-5e2efe120ce5,C-130J-30
e0e1900e-0e63-4700-b508-5e2efe120ce5,C-130J-30
876b428a-3ee2-46cd-9d8c-2c59424dfcb5,AC-130
b1e726b0-be58-4a9b-88e5-e40bc40a1f9a,MD-11
b1e726b0-be58-4a9b-88e5-e40bc40a1f9a,MD-11
b1e726b0-be58-4a9b-88e5-e40bc40a1f9a,MD-11
b1e726b0-be58-4a9b-88e5-e40bc40a1f9a,MD-11
b1e726b0-be58-4a9b-88e5-e40bc40a1f9a,MD-11
b1e726b0-be58-4a9b-88e5-e40bc40a1f9a,MD-11
b1e726b0-be58-4a9b-88e5-e40bc40a1f9a,MD-11
b1e726b0-be58-4a9b-88e5-e40bc40a1f9a,MD-11
b1e726b0-be58-4a9b-88e5-e40bc40a1f9a,MD-11
b1e726b0-be58-4a9b-88e5-e40bc40a1f9a,MD-11
b1e726b0-be58-4a9b-88e5-e40bc40a1f9a,MD-11
b1e726b0-be58-4a9b-88e5-e40bc40a1f9a,MD-11
b1e726b0-be58-4a9b-88e5-e40bc40a1f9a,MD-11
b1e726b0-be58-4a9b-88e5-e40bc40a1f9a,MD-11
3f78766a-30c8-4d65-95ae-ebc2fb758aac,MD-11F
3f78766a-30c8-4d65-95ae-ebc2fb758aac,MD-11F
3f78766a-30c8-4d65-95ae-ebc2fb758aac,MD-11F
3f78766a-30c8-4d65-95ae-ebc2fb758aac,MD-11F
3f78766a-30c8-4d65-95ae-ebc2fb758aac,MD-11F
3f78766a-30c8-4d65-95ae-ebc2fb758aac,MD-11F
3f78766a-30c8-4d65-95ae-ebc2fb758aac,MD-11F
3f78766a-30c8-4d65-95ae-ebc2fb758aac,MD-11F
3f78766a-30c8-4d65-95ae-ebc2fb758aac,MD-11F
3f78766a-30c8-4d65-95ae-ebc2fb758aac,MD-11F
3f78766a-30c8-4d65-95ae-ebc2fb758aac,MD-11F
693c3fab-307d-4467-aa40-0a4d569841a9,DC-10
693c3fab-307d-4467-aa40-0a4d569841a9,DC-10
693c3fab-307d-4467-aa40-0a4d569841a9,DC-10
693c3fab-307d-4467-aa40-0a4d569841a9,DC-10
693c3fab-307d-4467-aa40-0a4d569841a9,DC-10
693c3fab-307d-4467-aa40-0a4d569841a9,DC-10
693c3fab-307d-4467-aa40-0a4d569841a9,DC-10
693c3fab-307d-4467-aa40-0a4d569841a9,DC-10
693c3fab-307d-4467-aa40-0a4d569841a9,DC-10
693c3fab-307d-4467-aa40-0a4d569841a9,DC-10
693c3fab-307d-4467-aa40-0a4d569841a9,DC-10
693c3fab-307d-4467-aa40-0a4d569841a9,DC-10
693c3fab-307d-4467-aa40-0a4d569841a9,DC-10
693c3fab-307d-4467-aa40-0a4d569841a9,DC-10
e59fa7b4-b708-4480-aebd-26659a4f312b,DC-10F
e59fa7b4-b708-4480-aebd-26659a4f312b,DC-10F
e59fa7b4-b708-4480-aebd-26659a4f312b,DC-10F
e59fa7b4-b708-4480-aebd-26659a4f312b,DC-10F
e59fa7b4-b708-4480-aebd-26659a4f312b,DC-10F
e59fa7b4-b708-4480-aebd-26659a4f312b,DC-10F
e59fa7b4-b708-4480-aebd-26659a4f312b,DC-10F
e59fa7b4-b708-4480-aebd-26659a4f312b,DC-10F
e59fa7b4-b708-4480-aebd-26659a4f312b,DC-10F
e59fa7b4-b708-4480-aebd-26659a4f312b,DC-10F
e59fa7b4-b708-4480-aebd-26659a4f312b,DC-10F
e59fa7b4-b708-4480-aebd-26659a4f312b,DC-10F
24364e52-3788-487f-9f98-00f38b1f459c,CRJ-200
24364e52-3788-487f-9f98-00f38b1f459c,CRJ-200
24364e52-3788-487f-9f98-00f38b1f459c,CRJ-200
24364e52-3788-487f-9f98-00f38b1f459c,CRJ-200
24364e52-3788-487f-9f98-00f38b1f459c,CRJ-200
24364e52-3788-487f-9f98-00f38b1f459c,CRJ-200
24364e52-3788-487f-9f98-00f38b1f459c,CRJ-200
24364e52-3788-487f-9f98-00f38b1f459c,CRJ-200
24364e52-3788-487f-9f98-00f38b1f459c,CRJ-200
24364e52-3788-487f-9f98-00f38b1f459c,CRJ-200
24364e52-3788-487f-9f98-00f38b1f459c,CRJ-200
24364e52-3788-487f-9f98-00f38b1f459c,CRJ-200
24364e52-3788-487f-9f98-00f38b1f459c,CRJ-200
24364e52-3788-487f-9f98-00f38b1f459c,CRJ-200
8f34680a-a4ad-4f21-91e9-3a932ab03ca4,CRJ-700
8f34680a-a4ad-4f21-91e9-3a932ab03ca4,CRJ-700
8f34680a-a4ad-4f21-91e9-3a932ab03ca4,CRJ-700
8f34680a-a4ad-4f21-91e9-3a932ab03ca4,CRJ-700
8f34680a-a4ad-4f21-91e9-3a932ab03ca4,CRJ-700
8f34680a-a4ad-4f21-91e9-3a932ab03ca4,CRJ-700
8f34680a-a4ad-4f21-91e9-3a932ab03ca4,CRJ-700
8f34680a-a4ad-4f21-91e9-3a932ab03ca4,CRJ-700
8f34680a-a4ad-4f21-91e9-3a932ab03ca4,CRJ-700
8f34680a-a4ad-4f21-91e9-3a932ab03ca4,CRJ-700
8f34680a-a4ad-4f21-91e9-3a932ab03ca4,CRJ-700
8f34680a-a4ad-4f21-91e9-3a932ab03ca4,CRJ-700
8f34680a-a4ad-4f21-91e9-3a932ab03ca4,CRJ-700
958486b0-1ef4-4efd-bee0-ea94e96f6c96,CRJ-900
958486b0-1ef4-4efd-bee0-ea94e96f6c96,CRJ-900
958486b0-1ef4-4efd-bee0-ea94e96f6c96,CRJ-900
958486b0-1ef4-4efd-bee0-ea94e96f6c96,CRJ-900
958486b0-1ef4-4efd-bee0-ea94e96f6c96,CRJ-900
958486b0-1ef4-4efd-bee0-ea94e96f6c96,CRJ-900
958486b0-1ef4-4efd-bee0-ea94e96f6c96,CRJ-900
958486b0-1ef4-4efd-bee0-ea94e96f6c96,CRJ-900
958486b0-1ef4-4efd-bee0-ea94e96f6c96,CRJ-900
958486b0-1ef4-4efd-bee0-ea94e96f6c96,CRJ-900
958486b0-1ef4-4efd-bee0-ea94e96f6c96,CRJ-900
958486b0-1ef4-4efd-bee0-ea94e96f6c96,CRJ-900
958486b0-1ef4-4efd-bee0-ea94e96f6c96,CRJ-900
958486b0-1ef4-4efd-bee0-ea94e96f6c96,CRJ-900
b3907f6b-c8cf-427b-94fb-1f9365d990df,CRJ-1000
b3907f6b-c8cf-427b-94fb-1f9365d990df,CRJ-1000
b3907f6b-c8cf-427b-94fb-1f9365d990df,CRJ-1000
b3907f6b-c8cf-427b-94fb-1f9365d990df,CRJ-1000
b3907f6b-c8cf-427b-94fb-1f9365d990df,CRJ-1000
b3907f6b-c8cf-427b-94fb-1f9365d990df,CRJ-1000
b3907f6b-c8cf-427b-94fb-1f9365d990df,CRJ-1000
b3907f6b-c8cf-427b-94fb-1f9365d990df,CRJ-1000
b3907f6b-c8cf-427b-94fb-1f9365d990df,CRJ-1000
b3907f6b-c8cf-427b-94fb-1f9365d990df,CRJ-1000
b3907f6b-c8cf-427b-94fb-1f9365d990df,CRJ-1000
3f17ca35-b384-4391-aa5e-5beececb0612,TBM-930
3f17ca35-b384-4391-aa5e-5beececb0612,TBM-930
3f17ca35-b384-4391-aa5e-5beececb0612,TBM-930
3f17ca35-b384-4391-aa5e-5beececb0612,TBM-930
3f17ca35-b384-4391-aa5e-5beececb0612,TBM-930
3f17ca35-b384-4391-aa5e-5beececb0612,TBM-930
3f17ca35-b384-4391-aa5e-5beececb0612,TBM-930
3f17ca35-b384-4391-aa5e-5beececb0612,TBM-930
3f17ca35-b384-4391-aa5e-5beececb0612,TBM-930
3f17ca35-b384-4391-aa5e-5beececb0612,TBM-930
3f17ca35-b384-4391-aa5e-5beececb0612,TBM-930
ef677903-f8d3-414f-a190-233b2b855d46,Cessna 172
ef677903-f8d3-414f-a190-233b2b855d46,Cessna 172
ef677903-f8d3-414f-a190-233b2b855d46,Cessna 172
ef677903-f8d3-414f-a190-233b2b855d46,Cessna 172
ef677903-f8d3-414f-a190-233b2b855d46,Cessna 172
ef677903-f8d3-414f-a190-233b2b855d46,Cessna 172
ef677903-f8d3-414f-a190-233b2b855d46,Cessna 172
ef677903-f8d3-414f-a190-233b2b855d46,Cessna 172
ef677903-f8d3-414f-a190-233b2b855d46,Cessna 172
8bafde46-7e6e-44c5-800f-917237c49d75,CubCrafters XCub
8bafde46-7e6e-44c5-800f-917237c49d75,CubCrafters XCub
8bafde46-7e6e-44c5-800f-917237c49d75,CubCrafters XCub
8bafde46-7e6e-44c5-800f-917237c49d75,CubCrafters XCub
8bafde46-7e6e-44c5-800f-917237c49d75,CubCrafters XCub
8bafde46-7e6e-44c5-800f-917237c49d75,CubCrafters XCub
8bafde46-7e6e-44c5-800f-917237c49d75,CubCrafters XCub
230ec095-5e36-4637-ba2f-68831b31e891,Airbus A350
230ec095-5e36-4637-ba2f-68831b31e891,Airbus A350
230ec095-5e36-4637-ba2f-68831b31e891,Airbus A350
230ec095-5e36-4637-ba2f-68831b31e891,Airbus A350
230ec095-5e36-4637-ba2f-68831b31e891,Airbus A350
230ec095-5e36-4637-ba2f-68831b31e891,Airbus A350
230ec095-5e36-4637-ba2f-68831b31e891,Airbus A350
230ec095-5e36-4637-ba2f-68831b31e891,Airbus A350
230ec095-5e36-4637-ba2f-68831b31e891,Airbus A350
230ec095-5e36-4637-ba2f-68831b31e891,Airbus A350
230ec095-5e36-4637-ba2f-68831b31e891,Airbus A350
230ec095-5e36-4637-ba2f-68831b31e891,Airbus A350
230ec095-5e36-4637-ba2f-68831b31e891,Airbus A350
230ec095-5e36-4637-ba2f-68831b31e891,Airbus A350
230ec095-5e36-4637-ba2f-68831b31e891,Airbus A350
230ec095-5e36-4637-ba2f-68831b31e891,Airbus A350
230ec095-5e36-4637-ba2f-68831b31e891,Airbus A350
230ec095-5e36-4637-ba2f-68831b31e891,Airbus A350
230ec095-5e36-4637-ba2f-68831b31e891,Airbus A350
230ec095-5e36-4637-ba2f-68831b31e891,Airbus A350
230ec095-5e36-4637-ba2f-68831b31e891,Airbus A350
230ec095-5e36-4637-ba2f-68831b31e891,Airbus A350
230ec095-5e36-4637-ba2f-68831b31e891,Airbus A350
230ec095-5e36-4637-ba2f-68831b31e891,Airbus A350
230ec095-5e36-4637-ba2f-68831b31e891,Airbus A350
230ec095-5e36-4637-ba2f-68831b31e891,Airbus A350
230ec095-5e36-4637-ba2f-68831b31e891,Airbus A350
230ec095-5e36-4637-ba2f-68831b31e891,Airbus A350
230ec095-5e36-4637-ba2f-68831b31e891,Airbus A350
230ec095-5e36-4637-ba2f-68831b31e891,Airbus A350
230ec095-5e36-4637-ba2f-68831b31e891,Airbus A350
230ec095-5e36-4637-ba2f-68831b31e891,Airbus A350
230ec095-5e36-4637-ba2f-68831b31e891,Airbus A350
230ec095-5e36-4637-ba2f-68831b31e891,Airbus A350
230ec095-5e36-4637-ba2f-68831b31e891,Airbus A350
474810ee-503c-44f2-a305-c176ec8cc431,Airbus A330-900
474810ee-503c-44f2-a305-c176ec8cc431,Airbus A330-900
474810ee-503c-44f2-a305-c176ec8cc431,Airbus A330-900
474810ee-503c-44f2-a305-c176ec8cc431,Airbus A330-900
474810ee-503c-44f2-a305-c176ec8cc431,Airbus A330-900
474810ee-503c-44f2-a305-c176ec8cc431,Airbus A330-900
474810ee-503c-44f2-a305-c176ec8cc431,Airbus A330-900
474810ee-503c-44f2-a305-c176ec8cc431,Airbus A330-900
474810ee-503c-44f2-a305-c176ec8cc431,Airbus A330-900
474810ee-503c-44f2-a305-c176ec8cc431,Airbus A330-900
474810ee-503c-44f2-a305-c176ec8cc431,Airbus A330-900
474810ee-503c-44f2-a305-c176ec8cc431,Airbus A330-900
474810ee-503c-44f2-a305-c176ec8cc431,Airbus A330-900
474810ee-503c-44f2-a305-c176ec8cc431,Airbus A330-900
474810ee-503c-44f2-a305-c176ec8cc431,Airbus A330-900
474810ee-503c-44f2-a305-c176ec8cc431,Airbus A330-900
474810ee-503c-44f2-a305-c176ec8cc431,Airbus A330-900
710c84ae-6fdc-4c4a-ac3b-4031c3036e98,Airbus A220-300
710c84ae-6fdc-4c4a-ac3b-4031c3036e98,Airbus A220-300
710c84ae-6fdc-4c4a-ac3b-4031c3036e98,Airbus A220-300
710c84ae-6fdc-4c4a-ac3b-4031c3036e98,Airbus A220-300
710c84ae-6fdc-4c4a-ac3b-4031c3036e98,Airbus A220-300
710c84ae-6fdc-4c4a-ac3b-4031c3036e98,Airbus A220-300
710c84ae-6fdc-4c4a-ac3b-4031c3036e98,Airbus A220-300
710c84ae-6fdc-4c4a-ac3b-4031c3036e98,Airbus A220-300
710c84ae-6fdc-4c4a-ac3b-4031c3036e98,Airbus A220-300
710c84ae-6fdc-4c4a-ac3b-4031c3036e98,Airbus A220-300
710c84ae-6fdc-4c4a-ac3b-4031c3036e98,Airbus A220-300
710c84ae-6fdc-4c4a-ac3b-4031c3036e98,Airbus A220-300
710c84ae-6fdc-4c4a-ac3b-4031c3036e98,Airbus A220-300
710c84ae-6fdc-4c4a-ac3b-4031c3036e98,Airbus A220-300
710c84ae-6fdc-4c4a-ac3b-4031c3036e98,Airbus A220-300
710c84ae-6fdc-4c4a-ac3b-4031c3036e98,Airbus A220-300
710c84ae-6fdc-4c4a-ac3b-4031c3036e98,Airbus A220-300
710c84ae-6fdc-4c4a-ac3b-4031c3036e98,Airbus A220-300
710c84ae-6fdc-4c4a-ac3b-4031c3036e98,Airbus A220-300
710c84ae-6fdc-4c4a-ac3b-4031c3036e98,Airbus A220-300
710c84ae-6fdc-4c4a-ac3b-4031c3036e98,Airbus A220-300